Chromosome,Position,Mutation,SIFT_Score,PolyPhen_Score,gnomAD_Freq
9,2639870,T>C,0.0,1.0,0.0
9,2639960,G>C,0.0,1.0,0.0
9,2648247,T>G,0.0,1.0,0.0
9,2648238,A>C,0.0,1.0,0.0
9,2648226,T>C,0.0,1.0,0.0
9,2648285,C>T,0.0,1.0,0.0
19,11100324,G>C,0.0,1.0,0.0
19,11100293,C>G,0.0,1.0,0.0
9,2652821,C>T,0.0,1.0,0.0
19,11105288,T>A,0.0,1.0,0.0
19,11102696,T>G,0.0,1.0,0.0
19,11100343,G>A,0.0,1.0,0.0
19,11100343,G>T,0.0,1.0,0.0
19,11107458,T>G,0.01,1.0,0.0
19,11107458,T>C,0.0,1.0,0.0
19,11107478,T>A,0.0,1.0,0.0
19,11107478,T>C,0.0,1.0,0.0
19,11107493,G>T,0.0,1.0,0.0
19,11107478,T>G,0.0,1.0,0.0
19,11110748,T>C,0.0,1.0,0.0
19,11110681,G>T,0.0,1.0,0.0
19,11105556,A>G,0.0,1.0,0.0
19,11105364,T>C,0.0,1.0,0.0
19,11105556,A>T,0.0,1.0,0.0
19,11116884,G>C,0.0,1.0,0.0
19,11116874,G>C,0.0,1.0,0.0
19,11113625,G>T,0.0,1.0,0.0
19,11116147,T>C,0.0,1.0,0.0
19,11111557,C>G,0.0,1.0,0.0
19,11120474,T>G,0.0,1.0,0.0
19,11120515,C>G,0.0,1.0,0.0
19,11113625,G>C,0.0,1.0,0.0
19,11120421,T>C,0.0,1.0,0.0
9,2648225,C>T,0.0,0.999,0.0
9,2645720,G>A,0.0,0.999,0.0
19,11100271,G>A,0.0,0.999,0.0
19,11110691,A>C,0.0,0.999,0.0
19,11100325,A>C,0.0,0.999,0.0
19,11100294,G>C,0.0,0.999,0.0
9,2647580,G>A,0.0,0.999,0.0
19,11100324,G>A,0.0,0.999,0.0
19,11107440,G>A,0.0,0.999,0.0
19,11105546,T>C,0.0,0.999,0.0
19,11100325,A>G,0.0,0.999,0.0
19,11105442,A>C,0.0,0.999,0.0
19,11111523,A>G,0.0,0.999,0.0
19,11113623,T>C,0.0,0.999,0.0
19,11116170,C>A,0.0,0.999,0.0
19,11116908,C>G,0.0,0.999,0.0
19,11116873,C>T,0.0,0.999,0.0
19,11116176,A>C,0.0,0.999,0.0
19,11113645,G>C,0.0,0.999,0.0
19,11120513,T>C,0.01,0.999,0.0
19,11110682,G>T,0.0,0.998,0.0
19,11111518,C>G,0.0,0.998,0.0
19,11107489,G>T,0.0,0.998,0.0
19,11113444,C>G,0.0,0.998,0.0
19,11120433,C>T,0.0,0.998,0.0
19,11120465,A>C,0.0,0.998,0.0
19,11111580,A>T,0.0,0.998,0.0
9,2635558,A>T,0.0,0.998,0.0
19,11102721,T>C,0.0,0.998,0.0
19,11107489,G>C,0.0,0.998,0.0
19,11110678,G>C,0.0,0.998,0.0
19,11102675,T>G,0.0,0.998,0.0
9,2639955,G>C,0.02,0.997,0.0
19,11100316,A>C,0.0,0.997,0.0
19,11100287,G>C,0.0,0.997,0.0
19,11100316,A>T,0.0,0.997,0.0
19,11116894,A>C,0.0,0.997,0.0
19,11116116,G>C,0.0,0.997,0.0
19,11116102,A>G,0.0,0.997,0.0
9,2652945,C>G,0.0,0.997,0.0
19,11105549,C>T,0.0,0.997,0.0
19,11105511,T>G,0.0,0.997,0.0
19,11105385,G>A,0.0,0.997,0.0
19,11100294,G>T,0.0,0.997,0.0
19,11120507,A>G,0.0,0.997,0.0
19,11110660,G>A,0.0,0.996,0.0
19,11120379,G>T,0.01,0.996,0.0
19,11110678,G>A,0.02,0.996,0.0
19,11129599,C>T,0.0,0.996,0.0
19,11111598,G>A,0.0,0.996,0.0
19,11116917,C>G,0.0,0.996,0.0
19,11116973,A>C,0.0,0.996,0.0
9,2652948,C>G,0.0,0.996,0.0
9,2648223,G>A,0.01,0.996,0.0
19,11102691,T>G,0.0,0.996,0.0
19,11107484,G>C,0.0,0.996,0.0
19,11102676,G>T,0.0,0.996,0.0
19,11102732,T>C,0.01,0.995,0.0
9,2639951,G>T,0.0,0.995,0.0
19,11111597,G>C,0.0,0.994,0.0
19,11111565,T>C,0.0,0.994,0.0
19,11102714,C>A,0.0,0.994,0.0
19,11107455,A>C,0.0,0.994,0.0
19,11113349,A>C,0.0,0.994,0.0
19,11120153,G>A,0.0,0.994,0.0
19,11116993,T>G,0.0,0.994,0.0
19,11111522,G>C,0.0,0.994,0.0
19,11116946,T>A,0.0,0.994,0.0
19,11116896,A>T,0.0,0.993,0.0
19,11116138,A>C,0.0,0.993,0.0
19,11129602,G>T,0.0,0.993,0.0
9,2648262,G>T,0.0,0.993,0.0
19,11107512,G>C,0.0,0.993,0.0
19,11116914,C>G,0.0,0.993,0.0
9,2648748,T>C,0.0,0.992,0.0
19,11110747,C>G,0.01,0.992,0.0
19,11110715,G>A,0.0,0.992,0.0
19,11120430,C>T,0.0,0.992,0.0
19,11116104,T>G,0.0,0.992,0.0
19,11120501,G>C,0.0,0.992,0.0
19,11120141,A>T,0.0,0.991,0.0
19,11116918,G>T,0.0,0.991,0.0
9,2652909,T>C,0.0,0.991,0.0
19,11107485,A>T,0.01,0.991,0.0
19,11113413,T>A,0.0,0.991,0.0
19,11113624,G>T,0.0,0.99,0.0
19,11116892,C>G,0.0,0.99,0.0
19,11120212,C>A,0.0,0.99,0.0
19,11120377,C>G,0.0,0.99,0.0
19,11120402,A>C,0.0,0.989,0.0
19,11116902,C>G,0.0,0.989,0.0
19,11120227,C>A,0.01,0.989,0.0
19,11120227,C>T,0.01,0.988,0.0
19,11111601,T>G,0.0,0.987,0.0
19,11116891,T>C,0.0,0.987,0.0
9,2648810,G>C,0.0,0.987,0.0
19,11105312,G>A,0.01,0.987,0.0
9,2650432,C>G,0.0,0.987,0.0
19,11129624,A>G,0.0,0.987,0.0
19,11105583,C>A,0.0,0.986,0.0
19,11120152,G>A,0.0,0.985,0.0
19,11111609,G>T,0.0,0.985,0.0
19,11100273,A>T,0.0,0.984,0.0
19,11100294,G>A,0.0,0.984,0.0
19,11120478,C>T,0.0,0.983,0.0
19,11120432,G>A,0.0,0.983,0.0
19,11110714,G>C,0.0,0.983,0.0
19,11110715,G>T,0.0,0.983,0.0
19,11110717,T>G,0.0,0.982,0.0
19,11107488,G>C,0.04,0.981,0.0
19,11116207,C>A,0.0,0.98,0.0
9,2645067,G>A,0.02,0.98,0.0
19,11120409,G>A,0.01,0.98,0.0
19,11116918,G>C,0.01,0.979,0.0
19,11107473,G>C,0.01,0.979,0.0
9,2639888,G>A,0.0,0.979,0.0
9,2652880,A>T,0.0,0.979,0.0
9,2645077,C>A,0.02,0.979,0.0
19,11113427,C>A,0.03,0.978,0.0
19,11111629,C>G,0.0,0.978,0.0
19,11120149,A>C,0.0,0.977,0.0
19,11102776,G>T,0.0,0.977,0.0
9,2652887,G>A,0.01,0.977,0.0
19,11120137,G>C,0.0,0.977,0.0
19,11106576,T>A,0.0,0.976,0.0
19,11113612,T>C,0.0,0.975,0.0
19,11129603,T>A,0.0,0.975,0.0
19,11120228,C>T,0.01,0.975,0.0
19,11113640,C>G,0.0,0.975,0.0
19,11120191,C>T,0.01,0.975,0.0
19,11113582,T>A,0.0,0.974,0.0
19,11129657,A>G,0.0,0.974,0.0
19,11120418,A>G,0.0,0.973,0.0
19,11120171,T>G,0.0,0.973,0.0
19,11105569,C>G,0.04,0.973,0.0
19,11120432,G>C,0.0,0.972,0.0
19,11113579,T>A,0.0,0.972,0.0
19,11113639,T>G,0.0,0.972,0.0
19,11120107,A>G,0.0,0.971,0.0
19,11111546,A>G,0.02,0.971,0.0
19,11107481,C>T,0.0,0.97,0.0
19,11111570,G>A,0.0,0.97,0.0
19,11116165,A>G,0.04,0.969,0.0
19,11113437,G>T,0.0,0.969,0.0
19,11100274,T>C,0.0,0.967,0.0
19,11106579,C>T,0.0,0.967,0.0
19,11131291,T>A,0.0,0.967,0.0
19,11120189,C>T,0.0,0.967,0.0
19,11128080,C>G,0.0,0.965,0.0
19,11116186,T>G,0.0,0.963,0.0
19,11120459,A>C,0.01,0.962,0.0
19,11120375,A>T,0.0,0.961,0.0
9,2645005,A>G,0.0,0.961,0.0
19,11113620,G>T,0.0,0.96,0.0
19,11116897,C>G,0.0,0.959,0.0
19,11100296,T>G,0.0,0.956,0.0
19,11116168,C>G,0.0,0.956,0.0
19,11105499,C>G,0.0,0.956,0.0
19,11105319,C>T,0.0,0.955,0.0
9,2646416,G>A,0.0,0.953,0.0
19,11120192,C>T,0.0,0.953,0.0
19,11120450,C>G,0.0,0.952,0.0
19,11113386,T>G,0.0,0.951,0.0
19,11116110,G>C,0.0,0.95,0.0
19,11102720,A>T,0.0,0.95,0.0
19,11113654,C>G,0.0,0.948,0.0
19,11129617,A>G,0.0,0.948,0.0
19,11107506,A>C,0.03,0.946,0.0
19,11120468,T>C,0.0,0.945,0.0
19,11113414,C>G,0.04,0.944,0.0
19,11116874,G>T,0.0,0.944,0.0
19,11120416,G>T,0.03,0.944,0.0
19,11120214,C>G,0.0,0.942,0.0
19,11111541,C>A,0.0,0.941,0.0
19,11102699,G>T,0.0,0.94,0.0
19,11120203,G>T,0.0,0.938,0.0
19,11105246,T>A,0.0,0.936,0.0
19,11120204,T>G,0.0,0.934,0.0
19,11116949,T>G,0.0,0.933,0.0
19,11113570,A>G,0.0,0.931,0.0
19,11113653,T>C,0.0,0.931,0.0
19,11110760,G>A,0.04,0.929,0.0
19,11100285,T>C,0.0,0.927,0.0
19,11129633,A>G,0.01,0.926,0.0
19,11113391,A>C,0.0,0.926,0.0
19,11105351,G>T,0.01,0.924,0.0
19,11120153,G>T,0.0,0.924,0.0
19,11116930,G>T,0.0,0.924,0.0
19,11107464,A>C,0.01,0.922,0.0
19,11129653,G>A,0.0,0.921,0.0
9,2650405,G>C,0.0,0.921,0.0
19,11129620,G>A,0.0,0.92,0.0
19,11128077,T>A,0.01,0.92,0.0
19,11113543,T>A,0.0,0.918,0.0
19,11120481,A>T,0.0,0.918,0.0
19,11116859,A>G,0.01,0.913,0.0
19,11113579,T>C,0.0,0.911,0.0
19,11129516,T>G,0.01,0.91,0.0
9,2652903,T>C,0.0,0.908,0.0
19,11111607,T>C,0.0,0.907,0.0
19,11120233,G>A,0.01,0.906,0.0
9,2648672,C>T,0.0,0.903,0.0
19,11113605,G>A,0.01,0.902,0.0
19,11120502,A>T,0.01,0.901,0.0
